command_id,intent,action,response_template,scope,grammar,primary_features,supporting_features,contradiction_features,required_slots,optional_slots,forbidden_slots,intent_weight,metric_weight,scope_weight,subject_weight,period_weight,modifier_weight,contradiction_weight,min_confidence,min_margin,enabled,notes
RWA_DRIVER,DRIVER_ANALYSIS,GROUP_ROOT_CAUSE,GROUP_ROOT_CAUSE,ANY,MOVEMENT_REPORT,RWA_DRIVER|MOVEMENT_AMOUNT_REQUEST,,COMPARE_REQUEST|RANK_ENTITY|RANK_GROUP|MAIN_DRIVER_REQUEST|DRIVER_AMOUNT|DRIVER_CHECK_REQUEST|ENTITY_AMOUNT|OFFSETS_REQUEST|RECONCILE_REQUEST|CONCENTRATION_REQUEST|PEAK_REQUEST|TREND_REQUEST|MOVEMENT_CHECK_REQUEST|HISTORICAL_GROUP_REQUEST,metric|subject,period|direction|exclusions|concise,forecast,40,20,10,10,5,5,-40,0.72,0.08,true,"Existing executor; weights are manually specified, not fitted."
MAIN_DRIVER,MAIN_DRIVER,MAIN_DRIVER,MAIN_DRIVER,ANY,MAIN_DRIVER,MAIN_DRIVER_REQUEST,,COMPARE_REQUEST|RANK_GROUP|RANK_ENTITY|DRIVER_CHECK_REQUEST|DRIVER_AMOUNT|MOVEMENT_CHECK_REQUEST|HISTORICAL_GROUP_REQUEST,metric|subject,period|direction|exclusions|concise,forecast,40,20,10,10,5,5,-40,0.72,0.08,true,"Existing executor; weights are manually specified, not fitted."
DRIVER_AMOUNT,DRIVER_CONTRIBUTION,DRIVER_CONTRIBUTION,DRIVER_CONTRIBUTION,ANY,DRIVER_AMOUNT,DRIVER_AMOUNT,,COMPARE_REQUEST|DRIVER_CHECK_REQUEST|RANK_GROUP|RANK_ENTITY|MOVEMENT_CHECK_REQUEST|HISTORICAL_GROUP_REQUEST,metric|subject|driver,period|exclusions|concise,forecast,40,20,10,10,5,5,-40,0.72,0.08,true,"Existing executor; weights are manually specified, not fitted."
DRIVER_CHECK,DRIVER_CHECK,DRIVER_CHECK,DRIVER_CHECK,ANY,DRIVER_CHECK,DRIVER_CHECK_REQUEST,,COMPARE_REQUEST|RANK_GROUP|RANK_ENTITY|MOVEMENT_CHECK_REQUEST|HISTORICAL_GROUP_REQUEST,metric|subject|driver,period|direction|exclusions|modifier|concise,forecast,40,20,10,10,5,5,-40,0.72,0.08,true,"Existing executor; weights are manually specified, not fitted."
ENTITY_AMOUNT,ENTITY_CONTRIBUTION,ENTITY_CONTRIBUTION,ENTITY_CONTRIBUTION,ENTITY,ENTITY_AMOUNT,ENTITY_AMOUNT,,COMPARE_REQUEST|RANK_GROUP|RANK_ENTITY|DRIVER_AMOUNT|MOVEMENT_CHECK_REQUEST|HISTORICAL_GROUP_REQUEST,metric|entity,period|exclusions|concise,forecast,40,20,10,10,5,5,-40,0.72,0.08,true,"Existing executor; weights are manually specified, not fitted."
TOP_GROUPS,RANKING,TOP_CLIENTS,TOP_CLIENTS,PORTFOLIO,RANKING,RANK_GROUP,,COMPARE_REQUEST|RANK_ENTITY|RWA_DRIVER|MOVEMENT_CHECK_REQUEST|HISTORICAL_GROUP_REQUEST,metric|topN,period|direction|driver|filter|exclusions|candidateSet|concise,forecast,40,20,10,10,5,5,-40,0.72,0.08,true,"Existing executor; weights are manually specified, not fitted."
TOP_ENTITIES,RANKING,TOP_ENTITY,TOP_ENTITY,GROUP,RANKING,RANK_ENTITY,,COMPARE_REQUEST|RANK_GROUP|MOVEMENT_CHECK_REQUEST|HISTORICAL_GROUP_REQUEST,metric|subject|topN,period|direction|driver|filter|exclusions|candidateSet|aggregation|concise,forecast,40,20,10,10,5,5,-40,0.72,0.08,true,"Existing executor; weights are manually specified, not fitted."
COMPARE,COMPARE,COMPARE,COMPARE,ANY,COMPARISON,COMPARE_REQUEST,,RWA_DRIVER|RANK_GROUP|RANK_ENTITY|MOVEMENT_CHECK_REQUEST|HISTORICAL_GROUP_REQUEST,metric|comparison,period|entities|subject|exclusions|concise,forecast,40,20,10,10,5,5,-40,0.72,0.08,true,"Existing executor; weights are manually specified, not fitted."
TREND,TREND,TREND,TREND,ANY,HISTORY,TREND_REQUEST,,COMPARE_REQUEST|RANK_GROUP|RANK_ENTITY|PEAK_REQUEST|MOVEMENT_CHECK_REQUEST|HISTORICAL_GROUP_REQUEST,metric|subject,period|exclusions|concise,forecast,40,20,10,10,5,5,-40,0.72,0.08,true,"Existing executor; weights are manually specified, not fitted."
PEAK,PEAK_MONTH,PEAK_MONTH,PEAK_MONTH,ANY,HISTORY,PEAK_REQUEST,,COMPARE_REQUEST|RANK_GROUP|RANK_ENTITY|TREND_REQUEST|MOVEMENT_CHECK_REQUEST|HISTORICAL_GROUP_REQUEST,metric|subject,period|direction|exclusions|concise,forecast,40,20,10,10,5,5,-40,0.72,0.08,true,"Existing executor; weights are manually specified, not fitted."
OFFSETS,OFFSETS,OFFSETS,OFFSETS,ANY,OFFSETS,OFFSETS_REQUEST,,COMPARE_REQUEST|RANK_GROUP|RANK_ENTITY|MOVEMENT_CHECK_REQUEST|HISTORICAL_GROUP_REQUEST,metric|subject,period|exclusions|concise,forecast,40,20,10,10,5,5,-40,0.72,0.08,true,"Existing executor; weights are manually specified, not fitted."
RECONCILE,DATA_QUALITY,DATA_QUALITY,DATA_QUALITY,ANY,RECONCILIATION,RECONCILE_REQUEST,,COMPARE_REQUEST|RANK_GROUP|RANK_ENTITY|MOVEMENT_CHECK_REQUEST|HISTORICAL_GROUP_REQUEST,metric|subject,period|exclusions|concise,forecast,40,20,10,10,5,5,-40,0.72,0.08,true,"Existing executor; weights are manually specified, not fitted."
CONCENTRATION,CONCENTRATION,CONCENTRATION,CONCENTRATION,GROUP,CONCENTRATION,CONCENTRATION_REQUEST,,COMPARE_REQUEST|RANK_GROUP|RANK_ENTITY|MOVEMENT_CHECK_REQUEST|HISTORICAL_GROUP_REQUEST,metric|subject,period|exclusions|concise,forecast,40,20,10,10,5,5,-40,0.72,0.08,true,"Existing executor; weights are manually specified, not fitted."
MOVEMENT_CHECK,MOVEMENT_CHECK,MOVEMENT_CHECK,MOVEMENT_CHECK,ANY,MOVEMENT_CHECK,MOVEMENT_CHECK_REQUEST,,RWA_DRIVER|COMPARE_REQUEST|RANK_ENTITY|RANK_GROUP|DRIVER_CHECK_REQUEST|MAIN_DRIVER_REQUEST|TREND_REQUEST|PEAK_REQUEST|HISTORICAL_GROUP_REQUEST,metric|subject,period|direction|exclusions|concise,forecast,40,20,10,10,5,5,-40,0.72,0.08,true,Checks recorded signed change; no inferred economic cause.
HISTORICAL_PEAK_GROUPS,HISTORICAL_PERCENT_RANKING,HISTORICAL_GROUP_PEAK,HISTORICAL_GROUP_PEAK,PORTFOLIO,HISTORICAL_RANKING,HISTORICAL_GROUP_REQUEST,,COMPARE_REQUEST|RANK_ENTITY|RWA_DRIVER|MAIN_DRIVER_REQUEST|TREND_REQUEST|MOVEMENT_CHECK_REQUEST|BALANCE|ABSOLUTE,metric|topN,period|direction|exclusions|candidateSet|concise,forecast,40,20,10,10,5,5,-40,0.72,0.08,true,"Monthly percentage extrema per group; show selected month and monthly amount. Separate reviewed executor, not cumulative RWA."
