concept,phrase,weight,enabled,notes
ROOT,why,1,true,
ROOT,reason,1,true,
ROOT,reasons,1,true,
ROOT,cause,1,true,
ROOT,caused,1,true,
ROOT,what caused,1,true,
ROOT,what drove,1,true,
ROOT,what explains,1,true,
ROOT,what led to,1,true,
ROOT,explain,1,true,
ROOT,explanation,1,true,
ROOT,analyse,1,true,
ROOT,analyze,1,true,
ROOT,summary,1,true,
ROOT,summarise,1,true,
ROOT,summarize,1,true,
ROOT,overview,1,true,
ROOT,walk me through,1,true,
ROOT,talk me through,1,true,
ROOT,break down,1,true,
ROOT,breakdown,1,true,
ROOT,what happened,1,true,
ROOT,what changed,1,true,
ROOT,drivers behind,1,true,
ROOT,reason behind,1,true,
ROOT,reasons behind,1,true,
ROOT,tell me about,1,true,
ROOT,how is,1,true,
ROOT,behind,1,true,
ROOT,what is behind,1,true,
ROOT,drivers of,1,true,
ROOT,root cause,1,true,
ROOT,give me a breakdown of,1,true,
DRIVER,driver,1,true,
DRIVER,drivers,1,true,
DRIVER,factor,1,true,
DRIVER,factors,1,true,
DRIVER,risk factor,1,true,
DRIVER,attributed to,1,true,
DRIVER,attribution,1,true,
DRIVER,driven by,1,true,
DRIVER,due to,1,true,
DRIVER,because of,1,true,
MAIN,main,1,true,
MAIN,mainly,1,true,
MAIN,primary,1,true,
MAIN,primarily,1,true,
MAIN,dominant,1,true,
MAIN,largest driver,1,true,
MAIN,biggest driver,1,true,
MAIN,biggest cause,1,true,
MAIN,main reason,1,true,
MAIN,which factor,1,true,
MAIN,which risk factor,1,true,
MAIN,most important factor,1,true,
MAIN,main driver,1,true,
MAIN,major reason,1,true,
MAIN,principal driver,1,true,
MAIN,largest factor,1,true,
AMOUNT,how much,1,true,
AMOUNT,how many dollars,1,true,
AMOUNT,contribution,1,true,
AMOUNT,contributed,1,true,
AMOUNT,contribute,1,true,
AMOUNT,contributions,1,true,
AMOUNT,contributing,1,true,
AMOUNT,share,1,true,
AMOUNT,proportion,1,true,
AMOUNT,amount,1,true,
AMOUNT,accounted for,1,true,
AMOUNT,account for,1,true,
AMOUNT,came from,1,true,
AMOUNT,comes from,1,true,
AMOUNT,how much did,1,true,
CHECK,did,1,true,
CHECK,was,1,true,
CHECK,were,1,true,
CHECK,is,1,true,
CHECK,are,1,true,
CHECK,has,1,true,
CHECK,have,1,true,
CHECK,does,1,true,
CHECK,do,1,true,
SOLE,solely,1,true,
SOLE,sole,1,true,
SOLE,only driver,1,true,
SOLE,sole reason,1,true,
SOLE,only reason,1,true,
SOLE,entirely driven by,1,true,
RANK,top,1,true,
RANK,rank,1,true,
RANK,ranking,1,true,
RANK,ranked,1,true,
RANK,sort,1,true,
RANK,sorted,1,true,
RANK,list,1,true,
RANK,largest,1,true,
RANK,biggest,1,true,
RANK,leading,1,true,
RANK,which,1,true,
RANK,where did most,1,true,
RANK,where did most of,1,true,
RANK,which contributed most,1,true,
RANK,maximum contributor,1,true,
COMPARE,compare,1,true,
COMPARE,comparison,1,true,
COMPARE,versus,1,true,
COMPARE,vs,1,true,
COMPARE,vs.,1,true,
COMPARE,difference between,1,true,
COMPARE,difference,1,true,
COMPARE,different,1,true,
COMPARE,compared with,1,true,
COMPARE,compared to,1,true,
COMPARE,against,1,true,
COMPARE,benchmark,1,true,
COMPARE,peer,1,true,
COMPARE,peers,1,true,
COMPARE,other groups,1,true,
COMPARE,compare with peers,1,true,
COMPARE,compare the two,1,true,
TREND,trend,1,true,
TREND,trends,1,true,
TREND,pattern,1,true,
TREND,over time,1,true,
TREND,persistent,1,true,
TREND,persistence,1,true,
TREND,continuing,1,true,
TREND,month after month,1,true,
TREND,recent movements,1,true,
TREND,monthly movements,1,true,
TREND,trend report,1,true,
PEAK,when,1,true,
PEAK,which month,1,true,
PEAK,peak,1,true,
PEAK,peaked,1,true,
PEAK,peak month,1,true,
PEAK,highest month,1,true,
PEAK,lowest month,1,true,
PEAK,trough,1,true,
PEAK,maximum,1,true,
PEAK,minimum,1,true,
OFFSETS,offset,1,true,
OFFSETS,offsets,1,true,
OFFSETS,offsetting,1,true,
OFFSETS,mitigated,1,true,
OFFSETS,mitigating,1,true,
OFFSETS,partly offset,1,true,
OFFSETS,what offset,1,true,
OFFSETS,reductions that offset,1,true,
RECONCILE,reconcile,1,true,
RECONCILE,reconciles,1,true,
RECONCILE,reconciliation,1,true,
RECONCILE,reconciled,1,true,
RECONCILE,unexplained,1,true,
RECONCILE,residual,1,true,
RECONCILE,data quality,1,true,
RECONCILE,sum of drivers,1,true,
RECONCILE,check totals,1,true,
RECONCILE,balance check,1,true,
CONCENTRATION,concentration,1,true,
CONCENTRATION,concentrated,1,true,
CONCENTRATION,broad based,1,true,
CONCENTRATION,broad-based,1,true,
CONCENTRATION,spread across,1,true,
CONCENTRATION,distributed,1,true,
CONCENTRATION,single entity,1,true,
CONCENTRATION,single subsidiary,1,true,
CONCENTRATION,one subsidiary,1,true,
CONCENTRATION,one entity,1,true,
CONCENTRATION,many entities,1,true,
CONCENTRATION,how concentrated,1,true,
RWA,rwa,1,true,
RWA,risk weighted assets,1,true,
RWA,risk-weighted assets,1,true,
INCREASE,increase,1,true,
INCREASE,increases,1,true,
INCREASE,increased,1,true,
INCREASE,increasing,1,true,
INCREASE,rise,1,true,
INCREASE,rises,1,true,
INCREASE,rose,1,true,
INCREASE,rising,1,true,
INCREASE,went up,1,true,
INCREASE,go up,1,true,
INCREASE,grew,1,true,
INCREASE,growth,1,true,
INCREASE,jump,1,true,
INCREASE,jumps,1,true,
INCREASE,jumped,1,true,
INCREASE,spike,1,true,
INCREASE,spikes,1,true,
INCREASE,spiked,1,true,
INCREASE,uptick,1,true,
INCREASE,surge,1,true,
INCREASE,surged,1,true,
INCREASE,upswing,1,true,
INCREASE,soared,1,true,
INCREASE,up,1,true,
INCREASE,positive,1,true,
INCREASE,higher,0.8,true,
DECREASE,decrease,1,true,
DECREASE,decreases,1,true,
DECREASE,decreased,1,true,
DECREASE,decreasing,1,true,
DECREASE,decline,1,true,
DECREASE,declines,1,true,
DECREASE,declined,1,true,
DECREASE,fall,1,true,
DECREASE,falls,1,true,
DECREASE,fell,1,true,
DECREASE,went down,1,true,
DECREASE,go down,1,true,
DECREASE,drop,1,true,
DECREASE,drops,1,true,
DECREASE,dropped,1,true,
DECREASE,reduction,1,true,
DECREASE,reductions,1,true,
DECREASE,reduced,1,true,
DECREASE,down,1,true,
DECREASE,negative,1,true,
DECREASE,lower,0.8,true,
BALANCE,balance,1,true,
BALANCE,balances,1,true,
BALANCE,level,1,true,
BALANCE,levels,1,true,
BALANCE,stock,1,true,
BALANCE,closing balance,1,true,
BALANCE,current rwa,1,true,
BALANCE,highest rwa,1,true,
BALANCE,lowest rwa,1,true,
BALANCE,rwa balance,1,true,
PERCENT,percentage,1,true,
PERCENT,percent,1,true,
PERCENT,growth rate,1,true,
PERCENT,percentage change,1,true,
PERCENT,percentage increase,1,true,
PERCENT,percentage decrease,1,true,
PERCENT,percentage growth,1,true,
ABSOLUTE,absolute,1,true,
ABSOLUTE,magnitude,1,true,
ENTITY,entity,1,true,
ENTITY,entities,1,true,
ENTITY,subsidiary,1,true,
ENTITY,subsidiaries,1,true,
ENTITY,affiliate,1,true,
ENTITY,affiliates,1,true,
ENTITY,legal entity,1,true,
ENTITY,legal entities,1,true,
ENTITY,company,1,true,
ENTITY,companies,1,true,
GROUP,group,1,true,
GROUP,groups,1,true,
GROUP,client,1,true,
GROUP,clients,1,true,
GROUP,client group,1,true,
GROUP,client groups,1,true,
GROUP,portfolio,1,true,
GROUP,whole group,1,true,
GROUP,group level,1,true,
GROUP,at group level,1,true,
PRODUCT,product,1,true,
PRODUCT,products,1,true,
PRODUCT,business unit,1,true,
PRODUCT,business units,1,true,
LOCATION,booking location,1,true,
LOCATION,booking locations,1,true,
LOCATION,location,1,true,
LOCATION,locations,1,true,
LOCATION,bookings,1,true,
EXCLUDE,exclude,1,true,
EXCLUDE,excluding,1,true,
EXCLUDE,except,1,true,
EXCLUDE,without,1,true,
EXCLUDE,leave out,1,true,
EXCLUDE,leaving out,1,true,
EXCLUDE,omit,1,true,
EXCLUDE,omitting,1,true,
EXCLUDE,ignore,1,true,
EXCLUDE,ignoring,1,true,
EXCLUDE,remove,1,true,
EXCLUDE,removing,1,true,
EXCLUDE,net of the fx contribution,1,true,
INCLUDE,include,1,true,
INCLUDE,including,1,true,
INCLUDE,restore,1,true,
INCLUDE,put back,1,true,
INCLUDE,add back,1,true,
INCLUDE,include back,1,true,
CLEAR_EXCLUSIONS,clear exclusions,1,true,
CLEAR_EXCLUSIONS,clear all exclusions,1,true,
CLEAR_EXCLUSIONS,remove exclusions,1,true,
CLEAR_EXCLUSIONS,reset exclusions,1,true,
NEGATE,not,1,true,
NEGATE,neither,1,true,
NEGATE,no,1,true,
ONLY,only,1,true,
ONLY,just,1,true,
GT,above,1,true,
GT,greater than,1,true,
GT,more than,1,true,
GT,over,1,true,
GTE,at least,1,true,
GTE,greater than or equal to,1,true,
GTE,no less than,1,true,
LT,below,1,true,
LT,less than,1,true,
LT,under,1,true,
LTE,at most,1,true,
LTE,less than or equal to,1,true,
LTE,no more than,1,true,
BRIEF,briefly,1,true,
BRIEF,shorter,1,true,
BRIEF,concise,1,true,
BRIEF,in one sentence,1,true,
BRIEF,in one line,1,true,
BRIEF,one sentence,1,true,
BRIEF,one line,1,true,
BRIEF,quick summary,1,true,
BRIEF,brief,1,true,
DETAIL,details,1,true,
DETAIL,detailed,1,true,
DETAIL,in detail,1,true,
DETAIL,more detail,1,true,
REFERENCE,that,1,true,
REFERENCE,it,1,true,
REFERENCE,that entity,1,true,
REFERENCE,that group,1,true,
REFERENCE,that subsidiary,1,true,
REFERENCE,that one,1,true,
FIRST,first,1,true,
FIRST,first one,1,true,
FIRST,the first one,1,true,
FIRST,largest one,1,true,
FIRST,the largest one,1,true,
SECOND,second,1,true,
SECOND,second one,1,true,
SECOND,the second one,1,true,
THIRD,third,1,true,
THIRD,third one,1,true,
THIRD,the third one,1,true,
FOURTH,fourth,1,true,
FOURTH,fourth one,1,true,
FIFTH,fifth,1,true,
FIFTH,fifth one,1,true,
NEXT,next,1,true,
NEXT,next one,1,true,
NEXT,the next one,1,true,
THOSE,those,1,true,
THOSE,these,1,true,
THOSE,those entities,1,true,
THOSE,those groups,1,true,
THOSE,those subsidiaries,1,true,
THOSE,displayed entities,1,true,
THOSE,displayed groups,1,true,
BOTH,both,1,true,
BOTH,both entities,1,true,
BOTH,the two,1,true,
BOTH,these two,1,true,
BOTH,them,1,true,
SAME,same,1,true,
SAME,same basis,1,true,
SAME,same conditions,1,true,
SAME,do the same,1,true,
SAME,on the same basis,1,true,
FOLLOWUP,how about,1,true,
FOLLOWUP,what about,1,true,
FOLLOWUP,and,1,true,
FOLLOWUP,also,1,true,
FOLLOWUP,instead,1,true,
UNSUPPORTED_FORECAST,predict,1,true,
UNSUPPORTED_FORECAST,prediction,1,true,
UNSUPPORTED_FORECAST,forecast,1,true,
UNSUPPORTED_FORECAST,forecasting,1,true,
UNSUPPORTED_FORECAST,next year,1,true,
UNSUPPORTED_FORECAST,next month,1,true,
UNSUPPORTED_FORECAST,next quarter,1,true,
UNSUPPORTED_FORECAST,future,1,true,
UNSUPPORTED_FORECAST,will be,1,true,
UNSUPPORTED_FORECAST,what if,1,true,
UNSUPPORTED_FORECAST,simulate,1,true,
UNSUPPORTED_FORECAST,simulation,1,true,
UNSUPPORTED_FORECAST,projection,1,true,
UNSUPPORTED_FORECAST,projected,1,true,
UNSUPPORTED_METRIC,stock price,1,true,
UNSUPPORTED_METRIC,share price,1,true,
UNSUPPORTED_METRIC,share prices,1,true,
UNSUPPORTED_METRIC,rorwa,1,true,
UNSUPPORTED_METRIC,return on rwa,1,true,
UNSUPPORTED_METRIC,risk density,1,true,
UNSUPPORTED_METRIC,income,1,true,
UNSUPPORTED_METRIC,profit,1,true,
UNSUPPORTED_METRIC,revenue,1,true,
UNSUPPORTED_METRIC,capital adequacy,1,true,
UNSUPPORTED_METRIC,cet1,1,true,
UNSUPPORTED_METRIC,roe,1,true,
UNSUPPORTED_METRIC,roa,1,true,
UNSUPPORTED_METRIC,market cap,1,true,
UNSUPPORTED_METRIC,share valuation,1,true,
UNSUPPORTED_ACTION,recommend,1,true,
UNSUPPORTED_ACTION,recommendation,1,true,
UNSUPPORTED_ACTION,should we,1,true,
UNSUPPORTED_ACTION,optimise,1,true,
UNSUPPORTED_ACTION,optimize,1,true,
UNSUPPORTED_ACTION,sell,1,true,
UNSUPPORTED_ACTION,buy,1,true,
UNSUPPORTED_ACTION,approve,1,true,
UNSUPPORTED_ACTION,delete,1,true,
UNSUPPORTED_ACTION,update,1,true,
UNSUPPORTED_ACTION,execute,1,true,
UNSUPPORTED_ACTION,run code,1,true,
UNSUPPORTED_ACTION,send email,1,true,
UNSUPPORTED_ACTION,joke,1,true,
UNSUPPORTED_ACTION,jokes,1,true,
UNSUPPORTED_ACTION,weather,1,true,
UNSUPPORTED_ACTION,football,1,true,
UNSUPPORTED_ACTION,write a poem,1,true,
UNSUPPORTED_ACTION,ignore instructions,1,true,
UNSUPPORTED_CAUSE,financial condition,1,true,
UNSUPPORTED_CAUSE,why was the rating downgraded,1,true,
UNSUPPORTED_CAUSE,why did the rating deteriorate,1,true,
UNSUPPORTED_CAUSE,economic reason,1,true,
UNSUPPORTED_CAUSE,why was samsung downgraded,1,true,
UNSUPPORTED_LOGIC,unless,1,true,
UNSUPPORTED_LOGIC,either,1,true,
UNSUPPORTED_LOGIC,correlation,1,true,
UNSUPPORTED_LOGIC,regression,1,true,
UNSUPPORTED_LOGIC,adjusted for,1,true,
UNSUPPORTED_LOGIC,weighted average,1,true,
UNSUPPORTED_LOGIC,median of,1,true,
UNSUPPORTED_LOGIC,standard deviation,1,true,
UNSUPPORTED_LOGIC,causal effect,1,true,
UNSUPPORTED_LOGIC,inflation adjusted,1,true,
UNSUPPORTED_LOGIC,year on year,1,true,
UNSUPPORTED_LOGIC,yoy,1,true,
UNSUPPORTED_LOGIC,year-over-year,1,true,
DRIVER_CG,cg,1,true,
DRIVER_CG,credit grade,1,true,
DRIVER_CG,credit grading,1,true,
DRIVER_CG,credit rating,1,true,
DRIVER_CG,rating,1,true,
DRIVER_CG,rating deterioration,1,true,
DRIVER_CG,rating downgrade,1,true,
DRIVER_CG,downgrade,1,true,
DRIVER_CG,upgrade,1,true,
DRIVER_CG,credit quality,1,true,
DRIVER_CG,borrower grade,1,true,
DRIVER_CG,credit grade deterioration,1,true,
DRIVER_CG,credit quality deterioration,1,true,
DRIVER_EAD,ead,1,true,
DRIVER_EAD,exposure at default,1,true,
DRIVER_EAD,exposure,1,true,
DRIVER_EAD,exposure growth,1,true,
DRIVER_EAD,higher exposure,1,true,
DRIVER_EAD,new lending,1,true,
DRIVER_PD,pd,1,true,
DRIVER_PD,probability of default,1,true,
DRIVER_LGD,lgd,1,true,
DRIVER_LGD,loss given default,1,true,
DRIVER_FX,fx,1,true,
DRIVER_FX,foreign exchange,1,true,
DRIVER_FX,currency,1,true,
DRIVER_FX,currency movement,1,true,
DRIVER_FX,currency movements,1,true,
DRIVER_FX,currency impact,1,true,
DRIVER_MATURITY,maturity,1,true,
DRIVER_MATURITY,remaining maturity,1,true,
DRIVER_MATURITY,tenor,1,true,
DRIVER_CRM,crm,1,true,
DRIVER_CRM,credit risk mitigation,1,true,
DRIVER_CRM,collateral,1,true,
DRIVER_CRM,guarantee,1,true,
DRIVER_BASEL,basel method,1,true,
DRIVER_BASEL,basel methodology,1,true,
DRIVER_BASEL,methodology,1,true,
DRIVER_BASEL,regulatory method,1,true,
DRIVER_NEW_BUSINESS,new business,1,true,
DRIVER_NEW_BUSINESS,new deal,1,true,
DRIVER_NEW_BUSINESS,origination,1,true,
DRIVER_NOVATION,novation,1,true,
DRIVER_AMENDMENT,amendment,1,true,
DRIVER_TRANSFER,booking transfer,1,true,
DRIVER_TRANSFER,booking location transfer,1,true,
DRIVER_OTHER,other driver,1,true,
DRIVER_OTHER,residual driver,1,true,
HELP,help,1,true,
HELP,hello,1,true,
HELP,hi,1,true,
HELP,thanks,1,true,
HELP,thank you,1,true,
HELP,available commands,1,true,
COURTESY,please,1,true,
COURTESY,could you please,1,true,
COURTESY,can you please,1,true,
COURTESY,would you please,1,true,
COURTESY,could you,1,true,
COURTESY,can you,1,true,
COURTESY,would you,1,true,
COURTESY,i would like,1,true,
COURTESY,i want to,1,true,
COURTESY,may i,1,true,
COURTESY,show me,1,true,
COURTESY,give me,1,true,
COURTESY,tell me,1,true,
REPORTED,reported,1,true,
REPORTED,recorded,1,true,
REPORTED,attributed,1,true,
REPORTED,provided,1,true,
REPORTED,underlying,1,true,
TOTAL,total,1,true,
TOTAL,net,1,true,
TOTAL,gross,1,true,
TOTAL,sum,1,true,
TOTAL,movement,1,true,
TOTAL,movements,1,true,
TOTAL,change,1,true,
TOTAL,changes,1,true,
TOTAL,moved,1,true,
ROOT,describe,1,true,Manual vocabulary expansion; regression reviewed.
TOTAL,changed,1,true,Manual vocabulary expansion; regression reviewed.
TOTAL,monthly,1,true,Manual vocabulary expansion; regression reviewed.
TOTAL,impact,1,true,Manual vocabulary expansion; regression reviewed.
TOTAL,impacts,1,true,Manual vocabulary expansion; regression reviewed.
TOTAL,effect,1,true,Manual vocabulary expansion; regression reviewed.
TOTAL,effects,1,true,Manual vocabulary expansion; regression reviewed.
TOTAL,part,1,true,Manual vocabulary expansion; regression reviewed.
TOTAL,portion,1,true,Manual vocabulary expansion; regression reviewed.
TOTAL,direction,1,true,Manual vocabulary expansion; regression reviewed.
INCREASE,sudden rise,1,true,Manual vocabulary expansion; regression reviewed.
INCREASE,sharpest jump,1,true,Manual vocabulary expansion; regression reviewed.
INCREASE,sudden increase,1,true,Manual vocabulary expansion; regression reviewed.
RANK,greatest,1,true,Manual vocabulary expansion; regression reviewed.
RANK,highest,1,true,Manual vocabulary expansion; regression reviewed.
RANK,lowest,1,true,Manual vocabulary expansion; regression reviewed.
RANK,smallest,1,true,Manual vocabulary expansion; regression reviewed.
RANK,bottom,1,true,Manual vocabulary expansion; regression reviewed.
AMOUNT,attributable to,1,true,Manual vocabulary expansion; regression reviewed.
AMOUNT,attributable,1,true,Manual vocabulary expansion; regression reviewed.
AMOUNT,responsible for,1,true,Manual vocabulary expansion; regression reviewed.
AMOUNT,responsible,1,true,Manual vocabulary expansion; regression reviewed.
AMOUNT,accounts for,1,true,Manual vocabulary expansion; regression reviewed.
AMOUNT,contributors,1,true,Manual vocabulary expansion; regression reviewed.
AMOUNT,contributor,1,true,Manual vocabulary expansion; regression reviewed.
PEAK,identify the month,1,true,Manual vocabulary expansion; regression reviewed.
COMPARE,unusual,1,true,Manual vocabulary expansion; regression reviewed.
COMPARE,outlier,1,true,Manual vocabulary expansion; regression reviewed.
COMPARE,relative to,1,true,Manual vocabulary expansion; regression reviewed.
RECONCILE,match,1,true,Manual vocabulary expansion; regression reviewed.
RECONCILE,check whether,1,true,Manual vocabulary expansion; regression reviewed.
RECONCILE,check,1,true,Manual vocabulary expansion; regression reviewed.
RECONCILE,how large is the unexplained part,1,true,Manual vocabulary expansion; regression reviewed.
CONCENTRATION,did many entities contribute or just one,1,true,Manual vocabulary expansion; regression reviewed.
COURTESY,give us,1,true,Manual vocabulary expansion; regression reviewed.
COURTESY,show us,1,true,Manual vocabulary expansion; regression reviewed.
REPORTED,occur,1,true,Event wording; no anomaly claim.
REPORTED,occurred,1,true,Event wording.
INCREASE,grow,1,true,Manual inflection; discovered in development regression.
EXCLUDE,other than,1,true,Reviewed v5 reporting grammar.
RANK,show,1,true,Reviewed v5 reporting grammar.
RANK_GROUP,which group,1,true,Reviewed v5 reporting grammar.
RANK_GROUP,which groups,1,true,Reviewed v5 reporting grammar.
RANK_ENTITY,which entity,1,true,Reviewed v5 reporting grammar.
RANK_ENTITY,which entities,1,true,Reviewed v5 reporting grammar.
